产品类别,竞争对手,产品名称,价格_人民币,月销量,评分,店铺等级,上市日期,主要卖点
智能耳机,华为,FreeBuds Pro 3,999,45000,4.8,旗舰店,2024-01-15,主动降噪/空间音频
智能耳机,小米,Buds 4 Pro,699,82000,4.6,旗舰店,2023-11-20,性价比高/降噪
智能耳机,OPPO,Enco X2,799,28000,4.7,旗舰店,2023-09-10,音质优秀/舒适
智能耳机,vivo,TWS 3 Pro,599,35000,4.5,旗舰店,2023-10-05,低延迟/游戏模式
智能耳机,JBL,Tour Pro 2,1299,12000,4.7,官方店,2023-08-20,充电盒屏幕/专业音质
智能耳机,索尼,WF-1000XM5,1599,25000,4.9,旗舰店,2023-09-01,业界最佳降噪
智能耳机,三星,Galaxy Buds FE,499,38000,4.4,旗舰店,2023-10-15,性价比/生态
智能耳机,漫步者,NeoBuds Pro 2,399,55000,4.5,旗舰店,2023-12-01,国产性价比之王
智能手表,华为,Watch GT 4,1488,62000,4.8,旗舰店,2023-09-25,长续航/健康监测
智能手表,小米,Watch S3,999,48000,4.6,旗舰店,2024-01-10,可换表圈/HyperOS
智能手表,OPPO,Watch 4 Pro,2199,15000,4.7,旗舰店,2023-08-15,eSIM/全智能
智能手表,vivo,Watch 3,1099,22000,4.5,旗舰店,2023-11-15,BlueOS/AI助手
智能手表,Apple,Watch SE 2,1999,35000,4.8,官方店,2023-09-15,生态/应用丰富
智能手表,三星,Galaxy Watch 6,1899,18000,4.7,旗舰店,2023-08-10,Wear OS/健康功能
智能手表,Amazfit,GTR 4,999,42000,4.6,旗舰店,2023-07-20,长续航/运动
运动手环,小米,手环 8 Pro,279,150000,4.7,旗舰店,2023-08-14,大屏/NFC
运动手环,华为,手环 9,249,120000,4.6,旗舰店,2024-01-05,轻薄/时尚
运动手环,OPPO,手环 2,199,65000,4.4,旗舰店,2023-06-20,大屏/连续血氧
运动手环,荣耀,手环 7,159,88000,4.5,旗舰店,2023-05-10,性价比/全面屏
运动手环,Amazfit,Band 7,249,72000,4.5,旗舰店,2023-04-15,长续航/大屏
运动手环,dido,Y11S Pro,399,35000,4.3,专营店,2023-09-01,健康监测/血压
运动手环,乐心,手环 6,129,45000,4.2,旗舰店,2023-03-20,基础功能/实惠
,,,,,,,,
# 市场分析总结,,,,,,,,
# 智能耳机：主流价格带 599-999元，高端1299-1599元,,,,,,,,
# 建议定价：899元（介于小米和华为之间）,,,,,,,,
# 智能手表：主流价格带 999-1488元，高端1899-2199元,,,,,,,,
# 建议定价：1699元（略高于vivo，低于OPPO高端）,,,,,,,,
# 运动手环：主流价格带 199-279元，高端399元,,,,,,,,
# 建议定价：549元（定位中高端，突出健康功能差异化）,,,,,,,,
,,,,,,,,
# 预计市场份额（第一年）,,,,,,,,
# 智能耳机：2.5%（约4200台/月）,,,,,,,,
# 智能手表：1.8%（约2800台/月）,,,,,,,,
# 运动手环：1.2%（约6500台/月）,,,,,,,,
